STATE/UT,Year,Population,Literates - Males,Literates - Females,Population - Males,Population - Females,Year,Rape,Kidnapping and Abduction,Dowry Deaths,Assault on women with intent to outrage her modesty,Insult to modesty of Women,Cruelty by Husband or his Relatives,Importation of Girls,Total Crimes against Women,Total Crimes In India
Andaman and Nicobar Islands,2001,356650,146831,106304,192972,163180,2001,3,2,0,19,1,9,0,27,99295582
ANDHRA PRADESH,2001,75728400,23444788,16489535,22807968,22414768,2001,871,765,420,3544,2271,5791,7,34,
ARUNACHAL PRADESH,2001,1098328,303281,181504,579941,518027,2001,33,55,0,78,3,11,0,27,
ASSAM,2001,26638600,8188697,5826657,13777037,12878491,2001,817,1070,59,850,4,1248,0,22,
BIHAR,2001,82879910,20644376,10465201,43243795,39754714,2001,888,518,859,562,21,1558,83,27,
CHANDIGARH,2001,901080,382686,260559,506938,393697,2001,18,50,3,24,15,36,0,22,
CHHATTISGARH,2001,20834530,6711395,4461754,10474218,10359585,2001,959,171,70,1763,161,840,0,36,
Dadra and Nagar Haveli,2001,220963,72149,31755,121666,98824,2001,6,2,0,7,0,4,0,54,
Daman and Diu,2001,158080,70992,36608,92512,65692,2001,0,3,0,0,0,4,0,80,
DELHI,2001,13851503,5700847,3963917,7607234,6243273,2001,381,964,113,502,90,138,0,91,
GOA,2001,1348900,541032,444530,687248,660420,2001,12,6,2,17,7,11,0,82,
GUJARAT,2001,50597200,17833273,11994477,26385577,24285440,2001,286,857,67,756,111,3667,0,48,
HARYANA,2001,21083900,7480209,4613468,11363953,9780611,2001,398,297,285,478,401,1513,0,47,
HIMACHAL PRADESH,2001,6077453,2278386,1763235,3087940,2989960,2001,124,105,10,310,14,317,0,102,
Jammu and Kashmir,2001,10070300,3060628,1746658,5360926,4782774,2001,169,504,13,622,288,50,0,112,
JHARKHAND,2001,26946070,7646857,4130344,13885037,13060792,2001,567,279,217,297,5,484,2,13669,
KARNATAKA,2001,52734986,17661211,12773751,26898918,25951644,2001,293,271,220,1665,81,1755,0,15146,
KERALA,2001,31839000,12753602,12732086,15468614,16372760,2001,562,97,27,1942,81,2561,0,16929,
LAKSHADWEEP,2001,61300,24511,20172,31131,29519,2001,0,0,0,0,0,0,0,17075,
MADHYA PRADESH,2001,60385090,19672274,11920289,31443652,28904371,2001,2851,668,609,7063,751,2562,0,17175,
MAHARASHTRA,2001,96752500,37184963,26780980,50400596,46478031,2001,1302,611,308,2823,1120,6090,1,19006,
MANIPUR,2001,2294480,753466,557068,1161952,1131944,2001,20,62,0,21,0,5,0,22304,
MEGHALAYA,2001,2306540,614272,543603,1176087,1142735,2001,26,11,0,25,0,4,0,21796,
MIZORAM,2001,889690,350105,311340,459109,429464,2001,52,1,0,52,0,16,3,23224,
NAGALAND,2001,1990275,640201,492122,1047141,942895,2001,17,6,0,6,0,0,0,24757,
ODISHA,2001,36707900,11992333,7844722,18660570,18144090,2001,790,434,294,1655,458,1266,0,25536,
PUDUCHERRY,2001,974820,378758,317609,486961,487384,2001,9,3,1,35,27,3,0,25167,
PUNJAB,2001,24289130,8442293,6314677,12985045,11373954,2001,298,324,159,372,47,1128,0,30438,
RAJASTHAN,2001,56473300,18047157,9654853,29420011,27087177,2001,1049,2165,376,2878,56,5532,1,15455,
SIKKIM,2001,541902,189060,129275,288484,252367,2001,8,2,0,0,14,0,0,180,
TAMIL NADU,2001,62111390,22809662,17714883,31400909,31004770,2001,423,607,191,1773,1012,815,14,159,
TRIPURA,2001,3191880,1150707,871392,1642225,1556978,2001,102,35,16,58,0,227,0,139,
UTTAR PRADESH,2001,166053600,48901413,26817871,87565369,78632552,2001,1958,2879,2211,2870,2575,7365,0,148,
UTTARAKHAND,2001,8489100,3008875,2096907,4325924,4163425,2001,74,126,56,103,84,301,0,150,
WEST BENGAL,2001,80221300,27452426,19743975,41465985,38710212,2001,709,695,265,954,48,3859,3,168,
Andaman and Nicobar Islands,2002,356650,146831,106304,192972,163180,2002,2,1,0,17,3,4,0,185,
ANDHRA PRADESH,2002,75728400,23444788,16489535,22807968,22414768,2002,1002,854,449,3799,2024,7018,0,175,
ARUNACHAL PRADESH,2002,1098328,303281,181504,579941,518027,2002,38,38,0,68,2,13,0,164,
ASSAM,2002,26638600,8188697,5826657,13777037,12878491,2002,970,1276,70,984,7,1694,0,190,
BIHAR,2002,82879910,20644376,10465201,43243795,39754714,2002,1040,744,927,621,6,1577,38,171,
CHANDIGARH,2002,901080,382686,260559,506938,393697,2002,18,47,1,36,28,56,0,200,
CHHATTISGARH,2002,20834530,6711395,4461754,10474218,10359585,2002,992,154,85,1483,147,653,0,286,
Dadra and Nagar Haveli,2002,220963,72149,31755,121666,98824,2002,4,5,0,3,0,3,0,341,
Daman and Diu,2002,158080,70992,36608,92512,65692,2002,0,2,0,0,0,3,0,4048,
DELHI,2002,13851503,5700847,3963917,7607234,6243273,2002,403,893,135,446,128,135,0,5001,
GOA,2002,1348900,541032,444530,687248,660420,2002,12,5,2,18,6,8,0,5198,
GUJARAT,2002,50597200,17833273,11994477,26385577,24285440,2002,267,807,62,750,104,3321,0,5636,
HARYANA,2002,21083900,7480209,4613468,11363953,9780611,2002,361,290,256,454,1424,1565,0,5920,
HIMACHAL PRADESH,2002,6077453,2278386,1763235,3087940,2989960,2002,137,116,6,326,12,234,0,6741,
Jammu and Kashmir,2002,10070300,3060628,1746658,5360926,4782774,2002,192,596,18,785,368,54,0,6807,
JHARKHAND,2002,26946070,7646857,4130344,13885037,13060792,2002,797,178,275,411,3,588,36,8082,
KARNATAKA,2002,52734986,17661211,12773751,26898918,25951644,2002,292,300,233,1648,100,1826,0,9644,
KERALA,2002,31839000,12753602,12732086,15468614,16372760,2002,499,91,17,2123,102,2836,0,11493,
LAKSHADWEEP,2002,61300,24511,20172,31131,29519,2002,1,0,0,1,0,0,0,11462,
MADHYA PRADESH,2002,60385090,19672274,11920289,31443652,28904371,2002,2891,639,674,7118,783,3117,0,13470,
MAHARASHTRA,2002,96752500,37184963,26780980,50400596,46478031,2002,1352,650,303,2686,769,5353,0,17390,
MANIPUR,2002,2294480,753466,557068,1161952,1131944,2002,14,82,0,58,0,10,0,18790,
MEGHALAYA,2002,2306540,614272,543603,1176087,1142735,2002,38,10,0,23,0,0,0,4489,
MIZORAM,2002,889690,350105,311340,459109,429464,2002,76,2,0,73,0,3,0,4953,
NAGALAND,2002,1990275,640201,492122,1047141,942895,2002,17,4,0,1,0,0,0,5184,
ODISHA,2002,36707900,11992333,7844722,18660570,18144090,2002,691,432,248,1605,188,1167,0,6847,
PUDUCHERRY,2002,974820,378758,317609,486961,487384,2002,6,6,5,59,26,9,0,5202,
PUNJAB,2002,24289130,8442293,6314677,12985045,11373954,2002,299,354,166,341,145,944,0,5818,
RAJASTHAN,2002,56473300,18047157,9654853,29420011,27087177,2002,1051,2019,399,2730,44,5691,0,6543,
SIKKIM,2002,541902,189060,129275,288484,252367,2002,6,2,0,17,0,3,0,7335,
TAMIL NADU,2002,62111390,22809662,17714883,31400909,31004770,2002,534,714,243,1877,1718,1052,0,7511,
TRIPURA,2002,3191880,1150707,871392,1642225,1556978,2002,108,48,16,128,0,236,0,7450,
UTTAR PRADESH,2002,166053600,48901413,26817871,87565369,78632552,2002,1415,2298,1893,2145,1887,5679,0,8815,
UTTARAKHAND,2002,8489100,3008875,2096907,4325924,4163425,2002,89,155,66,145,97,316,1,9836,
WEST BENGAL,2002,80221300,27452426,19743975,41465985,38710212,2002,759,694,273,964,34,4069,1,11652,
Andaman and Nicobar Islands,2003,356650,146831,106304,192972,163180,2003,2,2,0,9,2,7,0,12553,
ANDHRA PRADESH,2003,75728400,23444788,16489535,22807968,22414768,2003,946,931,466,4128,2286,8167,5,146,
ARUNACHAL PRADESH,2003,1098328,303281,181504,579941,518027,2003,31,51,0,43,0,14,0,186,
ASSAM,2003,26638600,8188697,5826657,13777037,12878491,2003,1095,1351,60,878,6,1808,0,155,
BIHAR,2003,82879910,20644376,10465201,43243795,39754714,2003,985,674,909,688,11,1880,37,179,
CHANDIGARH,2003,901080,382686,260559,506938,393697,2003,18,28,1,11,4,93,0,196,
CHHATTISGARH,2003,20834530,6711395,4461754,10474218,10359585,2003,898,149,79,1481,105,601,0,221,
Dadra and Nagar Haveli,2003,220963,72149,31755,121666,98824,2003,1,4,0,4,0,2,0,224,
Daman and Diu,2003,158080,70992,36608,92512,65692,2003,5,1,1,3,0,0,0,135,
DELHI,2003,13851503,5700847,3963917,7607234,6243273,2003,490,797,130,489,105,1211,0,146,
GOA,2003,1348900,541032,444530,687248,660420,2003,31,13,2,19,7,24,0,138,
GUJARAT,2003,50597200,17833273,11994477,26385577,24285440,2003,236,859,54,722,92,3684,0,154,
HARYANA,2003,21083900,7480209,4613468,11363953,9780611,2003,353,271,222,344,1302,1618,0,241,
HIMACHAL PRADESH,2003,6077453,2278386,1763235,3087940,2989960,2003,126,96,6,250,18,221,0,481,
Jammu and Kashmir,2003,10070300,3060628,1746658,5360926,4782774,2003,211,615,10,875,376,71,0,424,
JHARKHAND,2003,26946070,7646857,4130344,13885037,13060792,2003,712,262,262,424,2,559,0,3964,
KARNATAKA,2003,52734986,17661211,12773751,26898918,25951644,2003,321,244,194,1585,84,1704,0,3514,
KERALA,2003,31839000,12753602,12732086,15468614,16372760,2003,394,102,33,1947,68,2930,0,3313,
LAKSHADWEEP,2003,61300,24511,20172,31131,29519,2003,2,0,0,1,0,1,0,3747,
MADHYA PRADESH,2003,60385090,19672274,11920289,31443652,28904371,2003,2738,608,648,6848,705,2938,0,3588,
MAHARASHTRA,2003,96752500,37184963,26780980,50400596,46478031,2003,1268,626,368,2661,682,5452,0,3735,
MANIPUR,2003,2294480,753466,557068,1161952,1131944,2003,18,71,0,44,0,4,0,3747,
MEGHALAYA,2003,2306540,614272,543603,1176087,1142735,2003,40,10,0,13,1,4,0,3943,
MIZORAM,2003,889690,350105,311340,459109,429464,2003,54,2,0,88,0,3,0,3976,
NAGALAND,2003,1990275,640201,492122,1047141,942895,2003,14,3,0,4,2,0,1,4157,
ODISHA,2003,36707900,11992333,7844722,18660570,18144090,2003,725,373,279,1669,188,1289,0,4186,
PUDUCHERRY,2003,974820,378758,317609,486961,487384,2003,2,13,1,56,27,4,0,4208,
PUNJAB,2003,24289130,8442293,6314677,12985045,11373954,2003,380,295,110,346,199,987,0,6993,
RAJASTHAN,2003,56473300,18047157,9654853,29420011,27087177,2003,1050,1750,389,2715,33,5733,1,6122,
SIKKIM,2003,541902,189060,129275,288484,252367,2003,10,0,0,25,0,1,0,19,
TAMIL NADU,2003,62111390,22809662,17714883,31400909,31004770,2003,557,632,220,2022,881,1555,1,15,
TRIPURA,2003,3191880,1150707,871392,1642225,1556978,2003,114,29,20,127,0,247,0,11,
UTTAR PRADESH,2003,166053600,48901413,26817871,87565369,78632552,2003,911,1499,1322,1098,4970,2626,0,22,
UTTARAKHAND,2003,8489100,3008875,2096907,4325924,4163425,2003,107,134,93,136,98,317,0,24,
WEST BENGAL,2003,80221300,27452426,19743975,41465985,38710212,2003,1002,801,329,1186,71,4948,1,32,
Andaman and Nicobar Islands,2004,356650,146831,106304,192972,163180,2004,10,3,0,6,3,5,0,16,
ANDHRA PRADESH,2004,75728400,23444788,16489535,22807968,22414768,2004,1016,1030,512,3817,2310,8388,2,25,
ARUNACHAL PRADESH,2004,1098328,303281,181504,579941,518027,2004,42,41,0,61,0,4,0,19,
ASSAM,2004,26638600,8188697,5826657,13777037,12878491,2004,1171,1552,74,883,11,1945,0,29,
BIHAR,2004,82879910,20644376,10465201,43243795,39754714,2004,1390,997,1029,704,13,2679,35,17,
CHANDIGARH,2004,901080,382686,260559,506938,393697,2004,19,43,6,20,18,73,0,14,
CHHATTISGARH,2004,20834530,6711395,4461754,10474218,10359585,2004,969,174,71,1661,131,741,0,19,
Dadra and Nagar Haveli,2004,220963,72149,31755,121666,98824,2004,7,7,0,5,0,3,0,21,
Daman and Diu,2004,158080,70992,36608,92512,65692,2004,1,0,0,1,0,4,0,7,
DELHI,2004,13851503,5700847,3963917,7607234,6243273,2004,551,881,126,601,130,1254,0,5,
GOA,2004,1348900,541032,444530,687248,660420,2004,37,10,2,23,15,17,0,10,
GUJARAT,2004,50597200,17833273,11994477,26385577,24285440,2004,339,905,58,757,164,3955,0,6,
HARYANA,2004,21083900,7480209,4613468,11363953,9780611,2004,386,292,251,403,850,2026,0,9,
HIMACHAL PRADESH,2004,6077453,2278386,1763235,3087940,2989960,2004,153,99,8,284,16,252,0,8,
Jammu and Kashmir,2004,10070300,3060628,1746658,5360926,4782774,2004,218,632,9,990,264,82,0,6,
JHARKHAND,2004,26946070,7646857,4130344,13885037,13060792,2004,797,178,275,411,3,588,36,9,
KARNATAKA,2004,52734986,17661211,12773751,26898918,25951644,2004,291,286,259,1435,57,1588,0,9,
KERALA,2004,31839000,12753602,12732086,15468614,16372760,2004,480,142,31,2260,133,3222,0,8,
LAKSHADWEEP,2004,61300,24511,20172,31131,29519,2004,0,0,0,0,0,1,0,5,
MADHYA PRADESH,2004,60385090,19672274,11920289,31443652,28904371,2004,2875,584,751,6690,804,3436,0,8,
MAHARASHTRA,2004,96752500,37184963,26780980,50400596,46478031,2004,1388,787,314,2831,862,5646,0,18,
MANIPUR,2004,2294480,753466,557068,1161952,1131944,2004,31,71,0,30,0,2,0,7,
MEGHALAYA,2004,2306540,614272,543603,1176087,1142735,2004,54,18,2,34,0,5,0,2188,
MIZORAM,2004,889690,350105,311340,459109,429464,2004,20,0,0,66,0,0,0,2140,
NAGALAND,2004,1990275,640201,492122,1047141,942895,2004,18,4,0,3,1,0,0,3222,
ODISHA,2004,36707900,11992333,7844722,18660570,18144090,2004,770,423,319,1811,170,1192,0,3543,
PUDUCHERRY,2004,974820,378758,317609,486961,487384,2004,4,8,6,50,30,2,0,4190,
PUNJAB,2004,24289130,8442293,6314677,12985045,11373954,2004,390,311,113,261,38,801,0,4416,
RAJASTHAN,2004,56473300,18047157,9654853,29420011,27087177,2004,1038,1881,379,2825,41,6781,1,4725,
SIKKIM,2004,541902,189060,129275,288484,252367,2004,3,4,0,40,0,1,0,3859,
TAMIL NADU,2004,62111390,22809662,17714883,31400909,31004770,2004,618,692,225,1861,1081,1437,0,4218,
TRIPURA,2004,3191880,1150707,871392,1642225,1556978,2004,160,54,20,134,0,302,0,4475,
UTTAR PRADESH,2004,166053600,48901413,26817871,87565369,78632552,2004,1397,2324,1708,1900,2682,4950,3,5193,
UTTARAKHAND,2004,8489100,3008875,2096907,4325924,4163425,2004,115,127,82,143,110,405,0,5920,
WEST BENGAL,2004,80221300,27452426,19743975,41465985,38710212,2004,1475,1018,396,1566,64,6334,12,12853,
Andaman and Nicobar Islands,2005,356650,146831,106304,192972,163180,2005,4,1,0,11,1,5,0,15139,
ANDHRA PRADESH,2005,75728400,23444788,16489535,22807968,22414768,2005,935,995,443,3595,2508,8696,3,55,
ARUNACHAL PRADESH,2005,1098328,303281,181504,579941,518027,2005,35,39,0,67,0,9,0,51,
ASSAM,2005,26638600,8188697,5826657,13777037,12878491,2005,1238,1456,99,899,19,2206,3,96,
BIHAR,2005,82879910,20644376,10465201,43243795,39754714,2005,1147,929,1014,451,13,1574,74,104,
CHANDIGARH,2005,901080,382686,260559,506938,393697,2005,33,45,3,31,9,75,0,83,
CHHATTISGARH,2005,20834530,6711395,4461754,10474218,10359585,2005,990,184,100,1450,132,732,0,70,
Dadra and Nagar Haveli,2005,220963,72149,31755,121666,98824,2005,5,9,0,5,0,5,0,70,
Daman and Diu,2005,158080,70992,36608,92512,65692,2005,2,2,1,1,0,3,0,116,
DELHI,2005,13851503,5700847,3963917,7607234,6243273,2005,658,1106,114,762,225,1324,1,140,
GOA,2005,1348900,541032,444530,687248,660420,2005,20,12,2,30,8,11,0,124,
GUJARAT,2005,50597200,17833273,11994477,26385577,24285440,2005,324,916,48,802,104,4090,0,106,
HARYANA,2005,21083900,7480209,4613468,11363953,9780611,2005,461,344,212,380,597,2075,0,160,
HIMACHAL PRADESH,2005,6077453,2278386,1763235,3087940,2989960,2005,141,102,2,286,29,228,0,412,
Jammu and Kashmir,2005,10070300,3060628,1746658,5360926,4782774,2005,201,658,5,830,371,76,0,475,
JHARKHAND,2005,26946070,7646857,4130344,13885037,13060792,2005,753,283,257,293,36,590,4,5744,
KARNATAKA,2005,52734986,17661211,12773751,26898918,25951644,2005,343,312,261,1585,71,1883,0,5311,
KERALA,2005,31839000,12753602,12732086,15468614,16372760,2005,478,129,21,2339,175,3283,0,5647,
LAKSHADWEEP,2005,61300,24511,20172,31131,29519,2005,0,0,0,0,0,0,0,6178,
MADHYA PRADESH,2005,60385090,19672274,11920289,31443652,28904371,2005,2921,604,739,6426,792,2989,3,6284,
MAHARASHTRA,2005,96752500,37184963,26780980,50400596,46478031,2005,1545,851,341,3228,919,6233,0,7200,
MANIPUR,2005,2294480,753466,557068,1161952,1131944,2005,25,69,0,25,0,20,0,8216,
MEGHALAYA,2005,2306540,614272,543603,1176087,1142735,2005,63,19,1,44,0,3,0,8564,
MIZORAM,2005,889690,350105,311340,459109,429464,2005,37,0,4,49,4,0,0,7966,
NAGALAND,2005,1990275,640201,492122,1047141,942895,2005,17,9,0,7,0,0,0,8095,
ODISHA,2005,36707900,11992333,7844722,18660570,18144090,2005,799,547,334,2238,184,1671,0,8741,
PUDUCHERRY,2005,974820,378758,317609,486961,487384,2005,6,3,4,60,26,6,0,9517,
PUNJAB,2005,24289130,8442293,6314677,12985045,11373954,2005,398,329,99,308,43,729,0,12123,
RAJASTHAN,2005,56473300,18047157,9654853,29420011,27087177,2005,993,1549,361,2503,28,5997,0,10567,
SIKKIM,2005,541902,189060,129275,288484,252367,2005,18,2,0,38,0,4,0,3372,
TAMIL NADU,2005,62111390,22809662,17714883,31400909,31004770,2005,571,783,215,1764,665,1650,0,4350,
TRIPURA,2005,3191880,1150707,871392,1642225,1556978,2005,162,43,34,161,1,439,0,4110,
UTTAR PRADESH,2005,166053600,48901413,26817871,87565369,78632552,2005,1217,2256,1564,1835,2881,4505,0,4208,
UTTARAKHAND,2005,8489100,3008875,2096907,4325924,4163425,2005,133,125,63,100,89,272,0,4069,
WEST BENGAL,2005,80221300,27452426,19743975,41465985,38710212,2005,1686,1039,446,1572,54,6936,61,4525,
Andaman and Nicobar Islands,2006,356650,146831,106304,192972,163180,2006,6,5,0,14,4,7,0,4549,
ANDHRA PRADESH,2006,75728400,23444788,16489535,22807968,22414768,2006,1049,1329,519,4534,2411,9164,0,5052,
ARUNACHAL PRADESH,2006,1098328,303281,181504,579941,518027,2006,37,51,1,63,2,14,0,5216,
ASSAM,2006,26638600,8188697,5826657,13777037,12878491,2006,1244,1544,105,1290,10,2548,0,5494,
BIHAR,2006,82879910,20644376,10465201,43243795,39754714,2006,1232,1084,1188,530,53,1689,42,5425,
CHANDIGARH,2006,901080,382686,260559,506938,393697,2006,19,57,10,20,13,102,0,5922,
CHHATTISGARH,2006,20834530,6711395,4461754,10474218,10359585,2006,995,178,103,1598,143,717,1,9013,
Dadra and Nagar Haveli,2006,220963,72149,31755,121666,98824,2006,6,14,1,5,1,5,0,8657,
Daman and Diu,2006,158080,70992,36608,92512,65692,2006,3,1,0,2,0,2,0,880,
DELHI,2006,13851503,5700847,3963917,7607234,6243273,2006,623,1066,137,718,144,1728,0,831,
GOA,2006,1348900,541032,444530,687248,660420,2006,21,10,0,18,7,14,0,717,
GUJARAT,2006,50597200,17833273,11994477,26385577,24285440,2006,354,945,50,736,138,4977,0,812,
HARYANA,2006,21083900,7480209,4613468,11363953,9780611,2006,608,431,255,486,491,2254,0,788,
HIMACHAL PRADESH,2006,6077453,2278386,1763235,3087940,2989960,2006,113,109,3,275,31,259,0,790,
Jammu and Kashmir,2006,10070300,3060628,1746658,5360926,4782774,2006,250,723,10,960,347,135,0,1014,
JHARKHAND,2006,26946070,7646857,4130344,13885037,13060792,2006,799,410,281,414,44,668,5,976,
KARNATAKA,2006,52734986,17661211,12773751,26898918,25951644,2006,400,328,244,1683,38,2129,0,945,
KERALA,2006,31839000,12753602,12732086,15468614,16372760,2006,601,202,25,2543,222,3708,0,1027,
LAKSHADWEEP,2006,61300,24511,20172,31131,29519,2006,0,0,0,0,0,1,0,995,
MADHYA PRADESH,2006,60385090,19672274,11920289,31443652,28904371,2006,2900,617,764,6243,762,2989,0,906,
MAHARASHTRA,2006,96752500,37184963,26780980,50400596,46478031,2006,1500,921,387,3479,984,6738,1,1472,
MANIPUR,2006,2294480,753466,557068,1161952,1131944,2006,40,79,0,42,0,10,0,1434,
MEGHALAYA,2006,2306540,614272,543603,1176087,1142735,2006,74,25,6,57,0,13,0,1646,
MIZORAM,2006,889690,350105,311340,459109,429464,2006,72,1,0,51,0,1,0,2013,
NAGALAND,2006,1990275,640201,492122,1047141,942895,2006,23,3,0,3,2,3,0,2158,
ODISHA,2006,36707900,11992333,7844722,18660570,18144090,2006,985,577,457,2415,247,694,12,2195,
PUDUCHERRY,2006,974820,378758,317609,486961,487384,2006,9,13,3,56,39,19,0,2141,
PUNJAB,2006,24289130,8442293,6314677,12985045,11373954,2006,442,418,130,314,60,801,2,2425,
RAJASTHAN,2006,56473300,18047157,9654853,29420011,27087177,2006,1085,1553,394,2582,31,7038,3,2519,
SIKKIM,2006,541902,189060,129275,288484,252367,2006,20,7,0,14,0,6,0,2289,
TAMIL NADU,2006,62111390,22809662,17714883,31400909,31004770,2006,457,718,187,1179,852,1248,0,2613,
TRIPURA,2006,3191880,1150707,871392,1642225,1556978,2006,189,62,35,207,0,471,0,2605,
UTTAR PRADESH,2006,166053600,48901413,26817871,87565369,78632552,2006,1314,2551,1798,2096,2714,5204,0,3141,
UTTARAKHAND,2006,8489100,3008875,2096907,4325924,4163425,2006,147,183,80,153,113,358,0,3322,
WEST BENGAL,2006,80221300,27452426,19743975,41465985,38710212,2006,1731,1199,445,1837,63,7414,1,3505,
Andaman and Nicobar Islands,2007,356650,146831,106304,192972,163180,2007,3,9,1,21,2,18,0,3274,
ANDHRA PRADESH,2007,75728400,23444788,16489535,22807968,22414768,2007,1070,1564,613,4406,3316,11335,0,1851,
ARUNACHAL PRADESH,2007,1098328,303281,181504,579941,518027,2007,48,44,0,72,1,20,0,2288,
ASSAM,2007,26638600,8188697,5826657,13777037,12878491,2007,1437,1471,100,789,10,3000,0,2221,
BIHAR,2007,82879910,20644376,10465201,43243795,39754714,2007,1555,1260,1172,853,12,1635,56,2288,
CHANDIGARH,2007,901080,382686,260559,506938,393697,2007,22,46,1,32,11,112,0,2216,
CHHATTISGARH,2007,20834530,6711395,4461754,10474218,10359585,2007,982,181,100,1549,111,824,0,2621,
Dadra and Nagar Haveli,2007,220963,72149,31755,121666,98824,2007,7,6,0,0,0,3,0,2850,
Daman and Diu,2007,158080,70992,36608,92512,65692,2007,1,1,1,0,0,3,0,2740,
DELHI,2007,13851503,5700847,3963917,7607234,6243273,2007,598,1167,138,868,167,1787,0,2606,
GOA,2007,1348900,541032,444530,687248,660420,2007,20,7,2,20,7,14,0,2664,
GUJARAT,2007,50597200,17833273,11994477,26385577,24285440,2007,316,1089,42,822,120,5827,0,2715,
HARYANA,2007,21083900,7480209,4613468,11363953,9780611,2007,488,554,269,417,409,2412,0,3458,
HIMACHAL PRADESH,2007,6077453,2278386,1763235,3087940,2989960,2007,159,150,8,322,33,342,0,5065,
Jammu and Kashmir,2007,10070300,3060628,1746658,5360926,4782774,2007,288,707,9,986,353,176,0,4207,
JHARKHAND,2007,26946070,7646857,4130344,13885037,13060792,2007,855,534,303,342,15,801,0,4285,
KARNATAKA,2007,52734986,17661211,12773751,26898918,25951644,2007,436,390,251,1828,28,2507,0,4399,
KERALA,2007,31839000,12753602,12732086,15468614,16372760,2007,512,177,27,2624,262,3999,0,4132,
LAKSHADWEEP,2007,61300,24511,20172,31131,29519,2007,1,0,0,2,0,2,0,3916,
MADHYA PRADESH,2007,60385090,19672274,11920289,31443652,28904371,2007,3010,701,742,6772,780,3294,0,4455,
MAHARASHTRA,2007,96752500,37184963,26780980,50400596,46478031,2007,1451,967,436,3306,1039,7356,0,4822,
MANIPUR,2007,2294480,753466,557068,1161952,1131944,2007,20,83,0,70,0,15,0,5440,
MEGHALAYA,2007,2306540,614272,543603,1176087,1142735,2007,82,22,2,45,1,19,0,5747,
MIZORAM,2007,889690,350105,311340,459109,429464,2007,83,0,0,66,0,2,0,6618,
NAGALAND,2007,1990275,640201,492122,1047141,942895,2007,13,6,0,8,1,0,0,7488,
ODISHA,2007,36707900,11992333,7844722,18660570,18144090,2007,939,660,461,2775,241,728,0,8031,
PUDUCHERRY,2007,974820,378758,317609,486961,487384,2007,9,14,2,89,32,17,0,8703,
PUNJAB,2007,24289130,8442293,6314677,12985045,11373954,2007,519,545,133,427,48,971,0,9992,
RAJASTHAN,2007,56473300,18047157,9654853,29420011,27087177,2007,1238,1694,439,2477,28,8170,0,11552,
SIKKIM,2007,541902,189060,129275,288484,252367,2007,24,9,0,13,0,7,0,5270,
TAMIL NADU,2007,62111390,22809662,17714883,31400909,31004770,2007,523,1097,208,1540,875,1976,0,5668,
TRIPURA,2007,3191880,1150707,871392,1642225,1556978,2007,157,81,36,244,4,545,0,5474,
UTTAR PRADESH,2007,166053600,48901413,26817871,87565369,78632552,2007,1648,3363,2076,2522,2882,7650,0,6268,
UTTARAKHAND,2007,8489100,3008875,2096907,4325924,4163425,2007,117,227,70,146,63,463,0,6425,
WEST BENGAL,2007,80221300,27452426,19743975,41465985,38710212,2007,2106,1590,451,2281,99,9900,5,7301,
Andaman and Nicobar Islands,2008,356650,146831,106304,192972,163180,2008,12,13,2,24,3,26,0,7601,
ANDHRA PRADESH,2008,75728400,23444788,16489535,22807968,22414768,2008,1257,1396,556,4730,3551,10306,0,7906,
ARUNACHAL PRADESH,2008,1098328,303281,181504,579941,518027,2008,42,47,0,72,1,13,0,7703,
ASSAM,2008,26638600,8188697,5826657,13777037,12878491,2008,1438,1789,103,1272,2,3478,0,9110,
BIHAR,2008,82879910,20644376,10465201,43243795,39754714,2008,1302,1789,1210,999,21,1992,22,11074,
CHANDIGARH,2008,901080,382686,260559,506938,393697,2008,20,42,3,19,2,49,0,10714,
CHHATTISGARH,2008,20834530,6711395,4461754,10474218,10359585,2008,978,216,106,1621,125,897,0,11013,
Dadra and Nagar Haveli,2008,220963,72149,31755,121666,98824,2008,6,11,0,4,0,4,0,11061,
Daman and Diu,2008,158080,70992,36608,92512,65692,2008,0,1,0,2,1,5,0,0,
DELHI,2008,13851503,5700847,3963917,7607234,6243273,2008,466,1136,129,611,130,1387,0,2,
GOA,2008,1348900,541032,444530,687248,660420,2008,30,28,2,32,12,12,0,4,
GUJARAT,2008,50597200,17833273,11994477,26385577,24285440,2008,374,1119,27,828,122,6094,0,1,
HARYANA,2008,21083900,7480209,4613468,11363953,9780611,2008,631,644,302,435,605,2435,0,0,
HIMACHAL PRADESH,2008,6077453,2278386,1763235,3087940,2989960,2008,157,137,3,295,41,343,0,1,
Jammu and Kashmir,2008,10070300,3060628,1746658,5360926,4782774,2008,219,656,21,935,296,162,0,5,
JHARKHAND,2008,26946070,7646857,4130344,13885037,13060792,2008,791,499,266,271,23,851,39,4,
KARNATAKA,2008,52734986,17661211,12773751,26898918,25951644,2008,446,405,259,1954,44,2638,1,1,
KERALA,2008,31839000,12753602,12732086,15468614,16372760,2008,568,166,31,2745,258,4138,0,0,
LAKSHADWEEP,2008,61300,24511,20172,31131,29519,2008,2,1,0,0,0,1,0,0,
MADHYA PRADESH,2008,60385090,19672274,11920289,31443652,28904371,2008,2937,736,805,6445,758,3185,0,2,
MAHARASHTRA,2008,96752500,37184963,26780980,50400596,46478031,2008,1558,998,390,3619,1091,7829,0,3,
MANIPUR,2008,2294480,753466,557068,1161952,1131944,2008,38,87,1,57,0,28,0,4,
MEGHALAYA,2008,2306540,614272,543603,1176087,1142735,2008,88,25,2,54,4,32,0,14504,
MIZORAM,2008,889690,350105,311340,459109,429464,2008,77,1,0,78,0,5,0,15222,
NAGALAND,2008,1990275,640201,492122,1047141,942895,2008,19,7,0,15,1,4,0,14485,
ODISHA,2008,36707900,11992333,7844722,18660570,18144090,2008,1113,762,401,2782,282,1618,0,15140,
PUDUCHERRY,2008,974820,378758,317609,486961,487384,2008,8,9,2,65,21,12,0,14474,
PUNJAB,2008,24289130,8442293,6314677,12985045,11373954,2008,517,514,128,388,49,984,0,14275,
RAJASTHAN,2008,56473300,18047157,9654853,29420011,27087177,2008,1355,1863,439,2520,19,8113,0,15299,
SIKKIM,2008,541902,189060,129275,288484,252367,2008,20,4,0,19,0,5,0,14866,
TAMIL NADU,2008,62111390,22809662,17714883,31400909,31004770,2008,573,1160,207,1705,974,1648,0,15716,
TRIPURA,2008,3191880,1150707,871392,1642225,1556978,2008,204,110,16,346,4,735,0,16382,
UTTAR PRADESH,2008,166053600,48901413,26817871,87565369,78632552,2008,1871,4439,2237,2955,3374,8312,0,16509,
UTTARAKHAND,2008,8489100,3008875,2096907,4325924,4163425,2008,87,222,73,120,306,340,0,16718,
WEST BENGAL,2008,80221300,27452426,19743975,41465985,38710212,2008,2263,1907,451,2396,94,13663,5,21967,
Andaman and Nicobar Islands,2009,356650,146831,106304,192972,163180,2009,18,14,1,30,7,21,0,27986,
ANDHRA PRADESH,2009,75728400,23444788,16489535,22807968,22414768,2009,1188,1526,546,5147,3520,11297,0,12255,
ARUNACHAL PRADESH,2009,1098328,303281,181504,579941,518027,2009,59,28,0,58,6,13,0,11113,
ASSAM,2009,26638600,8188697,5826657,13777037,12878491,2009,1631,2092,170,1342,10,4398,1,11057,
BIHAR,2009,82879910,20644376,10465201,43243795,39754714,2009,929,1986,1295,726,12,2532,31,11828,
CHANDIGARH,2009,901080,382686,260559,506938,393697,2009,29,36,2,26,2,51,0,13117,
CHHATTISGARH,2009,20834530,6711395,4461754,10474218,10359585,2009,976,229,128,1598,152,893,0,14010,
Dadra and Nagar Haveli,2009,220963,72149,31755,121666,98824,2009,4,9,0,2,1,3,0,14555,
Daman and Diu,2009,158080,70992,36608,92512,65692,2009,1,0,0,4,1,3,0,15485,
DELHI,2009,13851503,5700847,3963917,7607234,6243273,2009,469,1655,141,552,118,1283,0,14726,
GOA,2009,1348900,541032,444530,687248,660420,2009,47,22,3,37,10,21,0,15391,
GUJARAT,2009,50597200,17833273,11994477,26385577,24285440,2009,433,1162,24,727,114,5506,0,15293,
HARYANA,2009,21083900,7480209,4613468,11363953,9780611,2009,603,659,281,451,605,2617,0,15952,
HIMACHAL PRADESH,2009,6077453,2278386,1763235,3087940,2989960,2009,183,122,1,318,37,284,0,24563,
Jammu and Kashmir,2009,10070300,3060628,1746658,5360926,4782774,2009,237,825,12,972,371,196,0,25447,
JHARKHAND,2009,26946070,7646857,4130344,13885037,13060792,2009,719,517,295,276,83,710,6,108,
KARNATAKA,2009,52734986,17661211,12773751,26898918,25951644,2009,509,408,264,2186,64,3185,2,164,
KERALA,2009,31839000,12753602,12732086,15468614,16372760,2009,568,173,20,2540,395,4007,0,137,
LAKSHADWEEP,2009,61300,24511,20172,31131,29519,2009,1,0,0,0,0,0,0,134,
MADHYA PRADESH,2009,60385090,19672274,11920289,31443652,28904371,2009,2998,841,858,6307,728,3983,1,139,
MAHARASHTRA,2009,96752500,37184963,26780980,50400596,46478031,2009,1483,926,341,3196,1099,7681,0,171,
MANIPUR,2009,2294480,753466,557068,1161952,1131944,2009,31,97,0,39,2,25,0,188,
MEGHALAYA,2009,2306540,614272,543603,1176087,1142735,2009,112,26,0,72,1,24,1,211,
MIZORAM,2009,889690,350105,311340,459109,429464,2009,83,0,0,61,1,4,0,194,
NAGALAND,2009,1990275,640201,492122,1047141,942895,2009,22,10,0,11,0,0,0,190,
ODISHA,2009,36707900,11992333,7844722,18660570,18144090,2009,1023,799,384,2697,210,2047,1,247,
PUDUCHERRY,2009,974820,378758,317609,486961,487384,2009,1,13,0,53,16,10,0,289,
PUNJAB,2009,24289130,8442293,6314677,12985045,11373954,2009,511,513,126,319,33,1061,0,285,
RAJASTHAN,2009,56473300,18047157,9654853,29420011,27087177,2009,1519,2310,436,2485,24,10371,0,336,
SIKKIM,2009,541902,189060,129275,288484,252367,2009,18,6,0,10,0,6,0,66,
TAMIL NADU,2009,62111390,22809662,17714883,31400909,31004770,2009,596,1133,194,1242,501,1460,0,71,
TRIPURA,2009,3191880,1150707,871392,1642225,1556978,2009,190,92,29,384,5,815,0,68,
UTTAR PRADESH,2009,166053600,48901413,26817871,87565369,78632552,2009,1759,5078,2232,2782,2524,8566,0,113,
UTTARAKHAND,2009,8489100,3008875,2096907,4325924,4163425,2009,111,247,94,119,249,361,0,130,
WEST BENGAL,2009,80221300,27452426,19743975,41465985,38710212,2009,2336,2187,506,1942,108,16112,5,175,
Andaman and Nicobar Islands,2010,356650,146831,106304,192972,163180,2010,24,8,0,31,10,9,0,171,
ANDHRA PRADESH,2010,75728400,23444788,16489535,22807968,22414768,2010,1362,1531,588,4634,4562,12080,0,205,
ARUNACHAL PRADESH,2010,1098328,303281,181504,579941,518027,2010,47,46,0,84,1,12,0,236,
ASSAM,2010,26638600,8188697,5826657,13777037,12878491,2010,1721,2767,175,1400,20,5410,0,258,
BIHAR,2010,82879910,20644376,10465201,43243795,39754714,2010,795,2569,1257,534,16,2271,8,267,
CHANDIGARH,2010,901080,382686,260559,506938,393697,2010,31,28,5,29,4,41,0,248,
CHHATTISGARH,2010,20834530,6711395,4461754,10474218,10359585,2010,1012,279,115,1706,182,861,2,339,
Dadra and Nagar Haveli,2010,220963,72149,31755,121666,98824,2010,3,10,0,11,2,3,0,358,
Daman and Diu,2010,158080,70992,36608,92512,65692,2010,1,2,0,2,0,3,0,124,
DELHI,2010,13851503,5700847,3963917,7607234,6243273,2010,507,1740,143,601,80,1404,0,154,
GOA,2010,1348900,541032,444530,687248,660420,2010,36,18,1,36,16,17,0,147,
GUJARAT,2010,50597200,17833273,11994477,26385577,24285440,2010,408,1290,19,668,110,5600,0,86,
HARYANA,2010,21083900,7480209,4613468,11363953,9780611,2010,720,714,284,476,580,2720,0,94,
HIMACHAL PRADESH,2010,6077453,2278386,1763235,3087940,2989960,2010,160,162,2,350,78,275,0,125,
Jammu and Kashmir,2010,10070300,3060628,1746658,5360926,4782774,2010,245,840,9,1038,262,211,0,151,
JHARKHAND,2010,26946070,7646857,4130344,13885037,13060792,2010,773,696,276,245,16,650,8,161,
KARNATAKA,2010,52734986,17661211,12773751,26898918,25951644,2010,586,586,248,2544,83,3441,0,149,
KERALA,2010,31839000,12753602,12732086,15468614,16372760,2010,634,184,22,2936,537,4797,0,170,
LAKSHADWEEP,2010,61300,24511,20172,31131,29519,2010,0,0,0,0,0,0,0,159,
MADHYA PRADESH,2010,60385090,19672274,11920289,31443652,28904371,2010,3135,1030,892,6646,918,3756,5,199,
MAHARASHTRA,2010,96752500,37184963,26780980,50400596,46478031,2010,1599,1124,393,3661,1180,7434,0,177,
MANIPUR,2010,2294480,753466,557068,1161952,1131944,2010,34,107,0,31,0,18,0,257,
MEGHALAYA,2010,2306540,614272,543603,1176087,1142735,2010,149,37,0,48,0,24,0,29,
MIZORAM,2010,889690,350105,311340,459109,429464,2010,92,0,0,75,0,3,0,22,
NAGALAND,2010,1990275,640201,492122,1047141,942895,2010,16,6,0,13,3,1,0,24,
ODISHA,2010,36707900,11992333,7844722,18660570,18144090,2010,1025,912,388,2905,232,2067,5,26,
PUDUCHERRY,2010,974820,378758,317609,486961,487384,2010,3,14,1,46,22,7,0,33,
PUNJAB,2010,24289130,8442293,6314677,12985045,11373954,2010,546,576,121,349,38,1163,0,34,
RAJASTHAN,2010,56473300,18047157,9654853,29420011,27087177,2010,1571,2477,462,2339,23,11145,0,28,
SIKKIM,2010,541902,189060,129275,288484,252367,2010,18,6,1,11,0,3,0,46,
TAMIL NADU,2010,62111390,22809662,17714883,31400909,31004770,2010,686,1464,165,1405,638,1570,0,43,
TRIPURA,2010,3191880,1150707,871392,1642225,1556978,2010,238,91,25,376,9,937,0,39,
UTTAR PRADESH,2010,166053600,48901413,26817871,87565369,78632552,2010,1563,5468,2217,2793,11,7978,0,36,
UTTARAKHAND,2010,8489100,3008875,2096907,4325924,4163425,2010,121,249,75,125,165,334,0,47,
WEST BENGAL,2010,80221300,27452426,19743975,41465985,38710212,2010,2311,2764,507,2465,163,17796,8,66,
Andaman and Nicobar Islands,2011,379944,164377,129904,202871,177710,2011,13,12,0,15,3,5,0,63,
ANDHRA PRADESH,2011,49386799,28251243,22305517,24738068,24648731,2011,1442,1612,599,4849,3658,13376,0,4897,
ARUNACHAL PRADESH,2011,1382611,439868,326137,713912,669815,2011,42,60,0,51,0,18,0,4331,
ASSAM,2011,31169272,10568639,8609338,15939443,15266133,2011,1700,3192,121,1193,8,5246,2,4523,
BIHAR,2011,103804630,31608023,20896530,54278157,49821295,2011,934,3050,1413,790,11,2607,10,4685,
CHANDIGARH,2011,1054686,465346,340092,580663,474787,2011,27,46,2,21,12,46,0,5773,
CHHATTISGARH,2011,25540196,8807893,6572029,12832895,12712303,2011,1053,365,104,1654,174,834,2,5387,
Dadra and Nagar Haveli,2011,342853,142521,80709,193760,149949,2011,4,8,0,2,0,3,0,5804,
Daman and Diu,2011,242911,124643,63763,150301,92946,2011,1,2,0,0,0,2,0,6958,
DELHI,2011,16753235,7194856,5542911,8987326,7800615,2011,572,2085,142,657,162,1575,0,7161,
GOA,2011,1457723,615823,549664,739140,719405,2011,29,17,1,29,12,18,0,7534,
GUJARAT,2011,60383628,23474873,17618485,31491260,28948432,2011,439,1442,30,685,93,6052,0,8347,
HARYANA,2011,25753081,9794067,6804921,13494734,11856728,2011,733,733,255,474,490,2740,0,10476,
HIMACHAL PRADESH,2011,6856509,2752590,2287146,3481873,3382729,2011,168,191,4,331,62,239,0,12130,
Jammu and Kashmir,2011,12548926,4264671,2802562,6640662,5900640,2011,277,1023,11,1194,350,286,0,13891,
JHARKHAND,2011,32988134,10882519,7445550,16930315,16057819,2011,784,660,282,317,7,659,6,78,
KARNATAKA,2011,61130704,22508471,18138851,30966657,30128640,2011,636,715,267,2608,81,3712,12,111,
KERALA,2011,33387677,13704903,14430921,16027412,17378649,2011,1132,221,15,3756,573,5377,0,103,
LAKSHADWEEP,2011,64429,28023,24530,33123,31350,2011,0,0,0,0,0,0,0,100,
MADHYA PRADESH,2011,72597565,25174328,17676841,37612306,35014503,2011,3406,1088,811,6665,762,3732,45,105,
MAHARASHTRA,2011,112372972,45257584,36296706,58243056,54131277,2011,1701,1252,339,3794,1071,7136,0,139,
MANIPUR,2011,2721756,960015,808166,1438586,1417208,2011,53,116,1,38,0,39,0,163,
MEGHALAYA,2011,2964007,913879,871126,1491832,1475057,2011,130,37,1,74,1,21,3,117,
MIZORAM,2011,1091014,438529,409646,555339,541867,2011,77,0,0,72,1,9,0,93,
NAGALAND,2011,1980602,723957,618477,1024649,953853,2011,23,3,0,9,0,1,0,93,
ODISHA,2011,41947358,15089681,11652914,21212136,20762082,2011,1112,1008,465,3207,235,2320,0,78,
PUDUCHERRY,2011,1244464,497378,459931,612511,635442,2011,7,9,1,35,16,10,0,46,
PUNJAB,2011,27704236,10436056,8271081,14639465,13103873,2011,479,517,143,282,31,1136,0,71,
RAJASTHAN,2011,68621012,23688412,14586870,35550997,32997440,2011,1800,2713,514,2447,9,12218,0,62,
SIKKIM,2011,607688,251269,193683,323070,287507,2011,16,10,0,24,0,4,0,2328,
TAMIL NADU,2011,72138958,28040491,23797016,36137975,36009055,2011,677,1743,152,1467,464,1812,0,2249,
TRIPURA,2011,3671032,1501369,1303414,1874376,1799541,2011,205,116,30,294,9,702,0,2317,
UTTAR PRADESH,2011,199581477,68234964,46162591,104480510,95331831,2011,2042,7525,2322,3455,3,7121,0,1914,
UTTARAKHAND,2011,10116752,3863708,3017245,5137773,4948519,2011,129,283,83,116,72,307,0,1906,
WEST BENGAL,2011,91347736,33818810,27719471,46809027,44467088,2011,2363,3711,510,2363,200,19772,0,2167,
Andaman and Nicobar Islands,2012,379944,164377,129904,202871,177710,2012,12,7,2,17,4,5,0,2643,
ANDHRA PRADESH,2012,49386799,28251243,22305517,24738068,24648731,2012,1341,1403,504,4816,3714,13389,0,2580,
ARUNACHAL PRADESH,2012,1382611,439868,326137,713912,669815,2012,46,58,1,67,2,26,0,2563,
ASSAM,2012,31169272,10568639,8609338,15939443,15266133,2012,1716,3360,140,1840,5,6407,2,2793,
BIHAR,2012,103804630,31608023,20896530,54278157,49821295,2012,927,3789,1275,118,37,3686,4,2588,
CHANDIGARH,2012,1054686,465346,340092,580663,474787,2012,27,66,5,45,25,73,0,3151,
CHHATTISGARH,2012,25540196,8807893,6572029,12832895,12712303,2012,1034,350,81,1601,162,980,0,4854,
Dadra and Nagar Haveli,2012,342853,142521,80709,193760,149949,2012,3,9,0,2,0,0,0,5076,
Daman and Diu,2012,242911,124643,63763,150301,92946,2012,5,0,0,0,0,3,0,12057,
DELHI,2012,16753235,7194856,5542911,8987326,7800615,2012,706,2160,134,727,208,1985,0,11934,
GOA,2012,1457723,615823,549664,739140,719405,2012,55,16,0,49,16,24,0,11671,
GUJARAT,2012,60383628,23474873,17618485,31491260,28948432,2012,473,1527,21,745,93,6658,0,12946,
HARYANA,2012,25753081,9794067,6804921,13494734,11856728,2012,668,900,258,525,434,3137,0,11431,
HIMACHAL PRADESH,2012,6856509,2752590,2287146,3481873,3382729,2012,183,152,2,250,68,251,0,12686,
Jammu and Kashmir,2012,12548926,4264671,2802562,6640662,5900640,2012,303,1041,8,1322,347,301,0,14046,
JHARKHAND,2012,32988134,10882519,7445550,16930315,16057819,2012,812,786,302,284,10,1261,3,14309,
KARNATAKA,2012,61130704,22508471,18138851,30966657,30128640,2012,621,1070,218,2978,100,3684,32,17145,
KERALA,2012,33387677,13704903,14430921,16027412,17378649,2012,1019,214,32,3735,498,5216,0,18017,
LAKSHADWEEP,2012,64429,28023,24530,33123,31350,2012,0,0,0,1,0,1,0,19701,
MADHYA PRADESH,2012,72597565,25174328,17676841,37612306,35014503,2012,3425,1127,743,6655,774,3988,6,20906,
MAHARASHTRA,2012,112372972,45257584,36296706,58243056,54131277,2012,1839,1140,329,3935,1294,7415,0,27734,
MANIPUR,2012,2721756,960015,808166,1438586,1417208,2012,63,133,0,49,1,43,0,30510,
MEGHALAYA,2012,2964007,913879,871126,1491832,1475057,2012,164,24,1,43,0,16,0,24,
MIZORAM,2012,1091014,438529,409646,555339,541867,2012,103,3,0,85,0,8,0,28,
NAGALAND,2012,1980602,723957,618477,1024649,953853,2012,21,10,0,16,0,0,0,36,
ODISHA,2012,41947358,15089681,11652914,21212136,20762082,2012,1458,1364,525,4187,304,2638,0,48,
PUDUCHERRY,2012,1244464,497378,459931,612511,635442,2012,13,16,0,9,2,6,0,62,
PUNJAB,2012,27704236,10436056,8271081,14639465,13103873,2012,680,689,118,340,31,1293,0,47,
RAJASTHAN,2012,68621012,23688412,14586870,35550997,32997440,2012,2049,2697,478,2352,18,13312,0,53,
SIKKIM,2012,607688,251269,193683,323070,287507,2012,34,10,1,19,0,4,0,48,
TAMIL NADU,2012,72138958,28040491,23797016,36137975,36009055,2012,737,1693,110,1494,382,1965,0,40,
TRIPURA,2012,3671032,1501369,1303414,1874376,1799541,2012,229,114,37,314,7,858,0,39,
UTTAR PRADESH,2012,199581477,68234964,46162591,104480510,95331831,2012,1963,7910,2244,3247,8,7661,0,54,
UTTARAKHAND,2012,10116752,3863708,3017245,5137773,4948519,2012,148,256,71,139,73,368,0,68,
WEST BENGAL,2012,91347736,33818810,27719471,46809027,44467088,2012,2046,4168,593,3345,556,19865,12,93,
Andaman and Nicobar Islands,2013,379944,164377,129904,202871,177710,2013,27,12,1,45,8,9,0,101,
ANDHRA PRADESH,2013,49386799,28251243,22305517,24738068,24648731,2013,1635,1595,492,6930,4702,15084,0,4835,
ARUNACHAL PRADESH,2013,1382611,439868,326137,713912,669815,2013,75,86,0,93,3,29,0,6138,
ASSAM,2013,31169272,10568639,8609338,15939443,15266133,2013,1937,4222,170,2409,14,8636,2,5868,
BIHAR,2013,103804630,31608023,20896530,54278157,49821295,2013,1128,4419,1182,331,52,4533,7,5914,
CHANDIGARH,2013,1054686,465346,340092,580663,474787,2013,45,174,1,143,26,92,0,5648,
CHHATTISGARH,2013,25540196,8807893,6572029,12832895,12712303,2013,1380,1881,109,2261,180,1181,1,4641,
Dadra and Nagar Haveli,2013,342853,142521,80709,193760,149949,2013,5,11,0,1,1,1,0,6219,
Daman and Diu,2013,242911,124643,63763,150301,92946,2013,8,6,0,2,0,2,0,6267,
DELHI,2013,16753235,7194856,5542911,8987326,7800615,2013,1636,3609,144,3515,916,3033,0,5126,
GOA,2013,1457723,615823,549664,739140,719405,2013,86,70,0,162,54,40,0,5928,
GUJARAT,2013,60383628,23474873,17618485,31491260,28948432,2013,732,2230,29,1243,77,7812,0,6315,
HARYANA,2013,25753081,9794067,6804921,13494734,11856728,2013,971,1957,263,1560,643,3617,2,6381,
HIMACHAL PRADESH,2013,6856509,2752590,2287146,3481873,3382729,2013,250,290,0,493,111,328,0,6612,
Jammu and Kashmir,2013,12548926,4264671,2802562,6640662,5900640,2013,378,949,7,1389,354,428,0,5486,
JHARKHAND,2013,32988134,10882519,7445550,16930315,16057819,2013,1204,926,307,524,18,2084,2,438,
KARNATAKA,2013,61130704,22508471,18138851,30966657,30128640,2013,1030,1359,277,3913,137,3276,0,536,
KERALA,2013,33387677,13704903,14430921,16027412,17378649,2013,1221,185,21,4362,404,4820,0,537,
LAKSHADWEEP,2013,64429,28023,24530,33123,31350,2013,2,0,0,1,0,0,0,670,
MADHYA PRADESH,2013,72597565,25174328,17676841,37612306,35014503,2013,4335,2873,776,8252,736,4988,7,840,
MAHARASHTRA,2013,112372972,45257584,36296706,58243056,54131277,2013,3063,1874,320,8132,2632,8542,0,964,
MANIPUR,2013,2721756,960015,808166,1438586,1417208,2013,72,125,0,59,0,29,0,1067,
MEGHALAYA,2013,2964007,913879,871126,1491832,1475057,2013,183,33,2,98,0,23,0,1415,
MIZORAM,2013,1091014,438529,409646,555339,541867,2013,89,2,0,81,0,5,0,1515,
NAGALAND,2013,1980602,723957,618477,1024649,953853,2013,31,11,1,18,1,4,0,1676,
ODISHA,2013,41947358,15089681,11652914,21212136,20762082,2013,1832,2067,395,4618,426,2792,0,1356,
PUDUCHERRY,2013,1244464,497378,459931,612511,635442,2013,17,25,1,12,8,8,0,1559,
PUNJAB,2013,27704236,10436056,8271081,14639465,13103873,2013,888,987,126,1045,67,1741,0,1627,
RAJASTHAN,2013,68621012,23688412,14586870,35550997,32997440,2013,3285,4047,453,4829,25,15094,1,1579,
SIKKIM,2013,607688,251269,193683,323070,287507,2013,43,16,0,29,0,5,0,19858,
TAMIL NADU,2013,72138958,28040491,23797016,36137975,36009055,2013,923,1516,118,1271,313,2471,0,15317,
TRIPURA,2013,3671032,1501369,1303414,1874376,1799541,2013,233,124,29,407,7,827,0,12426,
UTTAR PRADESH,2013,199581477,68234964,46162591,104480510,95331831,2013,3050,9737,2335,7303,25,8781,0,14964,
UTTARAKHAND,2013,10116752,3863708,3017245,5137773,4948519,2013,228,633,43,295,72,435,0,14258,
WEST BENGAL,2013,91347736,33818810,27719471,46809027,44467088,2013,1685,3830,481,4913,577,18116,9,15677,
Andaman and Nicobar Islands,2014,379944,164377,129904,202871,177710,2014,32,17,3,41,5,14,0,20141,
ANDHRA PRADESH,2014,49386799,28251243,22305517,24738068,24648731,2014,961,721,215,4547,2649,6362,0,23188,
ARUNACHAL PRADESH,2014,1382611,439868,326137,713912,669815,2014,83,91,1,121,3,42,0,22941,
ASSAM,2014,31169272,10568639,8609338,15939443,15266133,2014,1980,3895,188,3099,1,9626,1,20030,
BIHAR,2014,103804630,31608023,20896530,54278157,49821295,2014,1127,4735,1373,572,69,4672,5,22468,
CHANDIGARH,2014,1054686,465346,340092,580663,474787,2014,59,133,2,87,2,141,0,23033,
CHHATTISGARH,2014,25540196,8807893,6572029,12832895,12712303,2014,1436,1393,128,2122,79,964,0,31231,
Dadra and Nagar Haveli,2014,342853,142521,80709,193760,149949,2014,5,7,0,2,1,6,0,35667,
Daman and Diu,2014,242911,124643,63763,150301,92946,2014,2,1,0,3,0,1,0,744,
DELHI,2014,16753235,7194856,5542911,8987326,7800615,2014,2096,4034,153,4322,1361,3173,0,869,
GOA,2014,1457723,615823,549664,739140,719405,2014,95,86,0,202,57,35,0,885,
GUJARAT,2014,60383628,23474873,17618485,31491260,28948432,2014,841,2187,23,1352,173,5991,0,982,
HARYANA,2014,25753081,9794067,6804921,13494734,11856728,2014,1174,1922,293,1688,102,3478,0,782,
HIMACHAL PRADESH,2014,6856509,2752590,2287146,3481873,3382729,2014,283,227,1,538,60,325,0,1034,
Jammu and Kashmir,2014,12548926,4264671,2802562,6640662,5900640,2014,331,813,5,1421,237,467,0,1086,
JHARKHAND,2014,32988134,10882519,7445550,16930315,16057819,2014,1050,885,350,440,18,1462,2,1148,
KARNATAKA,2014,61130704,22508471,18138851,30966657,30128640,2014,1324,1457,313,5263,170,3025,0,1181,
KERALA,2014,33387677,13704903,14430921,16027412,17378649,2014,1347,143,28,4367,257,4919,0,1069,
LAKSHADWEEP,2014,64429,28023,24530,33123,31350,2014,1,0,0,1,2,0,0,990,
MADHYA PRADESH,2014,72597565,25174328,17676841,37612306,35014503,2014,5076,5688,733,9609,429,6451,0,1055,
MAHARASHTRA,2014,112372972,45257584,36296706,58243056,54131277,2014,3438,2457,279,10001,1575,7696,1,1706,
MANIPUR,2014,2721756,960015,808166,1438586,1417208,2014,75,121,1,98,0,41,0,1231,
MEGHALAYA,2014,2964007,913879,871126,1491832,1475057,2014,118,38,1,105,54,42,0,6533,
MIZORAM,2014,1091014,438529,409646,555339,541867,2014,120,3,0,97,29,8,0,6794,
NAGALAND,2014,1980602,723957,618477,1024649,953853,2014,30,13,0,16,1,3,0,8338,
ODISHA,2014,41947358,15089681,11652914,21212136,20762082,2014,1978,2436,441,5543,379,3114,0,10865,
PUDUCHERRY,2014,1244464,497378,459931,612511,635442,2014,10,7,1,32,8,4,0,11794,
PUNJAB,2014,27704236,10436056,8271081,14639465,13103873,2014,981,1176,90,1113,35,1681,0,12690,
RAJASTHAN,2014,68621012,23688412,14586870,35550997,32997440,2014,3759,4421,408,5999,18,15905,0,16432,
SIKKIM,2014,607688,251269,193683,323070,287507,2014,47,12,0,34,3,5,0,20779,
TAMIL NADU,2014,72138958,28040491,23797016,36137975,36009055,2014,455,1502,95,1102,229,2103,0,23196,
TRIPURA,2014,3671032,1501369,1303414,1874376,1799541,2014,239,102,33,492,11,702,0,26014,
UTTAR PRADESH,2014,199581477,68234964,46162591,104480510,95331831,2014,3467,10626,2469,8605,29,10471,0,28919,
UTTARAKHAND,2014,10116752,3863708,3017245,5137773,4948519,2014,270,275,38,343,4,301,0,30585,
WEST BENGAL,2014,91347736,33818810,27719471,46809027,44467088,2014,1466,4976,501,5670,543,23278,4,29611,
